{
  "version": 1,
  "document": {
    "id": "1",
    "name": "brutal-hifi-1440x1024",
    "type": "FRAME",
    "backgroundColor": "#fef08a",
    "absoluteBoundingBox": {
      "width": 1440,
      "height": 1024
    },
    "children": [
      {
        "id": "title",
        "type": "TEXT",
        "characters": "Budget Dashboard",
        "style": {
          "fontSize": 32,
          "color": "#000000"
        }
      },
      {
        "id": "card1",
        "type": "RECTANGLE",
        "name": "Summary Card",
        "fills": [
          {
            "color": "#ffffff"
          }
        ],
        "absoluteBoundingBox": {
          "x": 40,
          "y": 100,
          "width": 300,
          "height": 150
        }
      },
      {
        "id": "btn",
        "type": "RECTANGLE",
        "name": "Primary Button",
        "fills": [
          {
            "color": "#ff4949"
          }
        ],
        "absoluteBoundingBox": {
          "x": 40,
          "y": 300,
          "width": 180,
          "height": 50
        }
      }
    ]
  }
}