{
  "version": 1,
  "document": {
    "id": "1",
    "name": "modern-hifi-360x800",
    "type": "FRAME",
    "backgroundColor": "#f8fafc",
    "absoluteBoundingBox": {
      "width": 360,
      "height": 800
    },
    "children": [
      {
        "id": "title",
        "type": "TEXT",
        "characters": "Budget Dashboard",
        "style": {
          "fontSize": 32,
          "color": "#1e293b"
        }
      },
      {
        "id": "card1",
        "type": "RECTANGLE",
        "name": "Summary Card",
        "fills": [
          {
            "color": "#ffffff"
          }
        ],
        "absoluteBoundingBox": {
          "x": 40,
          "y": 100,
          "width": 300,
          "height": 150
        }
      },
      {
        "id": "btn",
        "type": "RECTANGLE",
        "name": "Primary Button",
        "fills": [
          {
            "color": "#2563eb"
          }
        ],
        "absoluteBoundingBox": {
          "x": 40,
          "y": 300,
          "width": 180,
          "height": 50
        }
      }
    ]
  }
}