{
  "type": "design-system",
  "colorStyles": {
    "primary": "#2563eb",
    "background": "#f8fafc",
    "card": "#ffffff",
    "text": "#1e293b"
  },
  "components": {
    "buttonPrimary": {
      "background": "#2563eb",
      "radius": 12,
      "padding": 16,
      "fontSize": 16,
      "color": "#ffffff"
    },
    "card": {
      "background": "#ffffff",
      "radius": 16,
      "shadow": "0 4px 12px rgba(0,0,0,0.08)"
    },
    "input": {
      "border": "#cbd5e1",
      "radius": 10,
      "padding": 12
    }
  }
}